{"r-0": 0, "r-1": 1, "r-2": 2, "r-3": 3, "r-4": 4, "r-5": 5, "r-6": 6, "r-7": 7, "r-8": 8, "r-9": 9, "r-skip": 10, "r-reverse": 11, "r-draw_2": 12, "r-wild": 13, "r-wild_draw_4": 14, "g-0": 15, "g-1": 16, "g-2": 17, "g-3": 18, "g-4": 19, "g-5": 20, "g-6": 21, "g-7": 22, "g-8": 23, "g-9": 24, "g-skip": 25, "g-reverse": 26, "g-draw_2": 27, "g-wild": 28, "g-wild_draw_4": 29, "b-0": 30, "b-1": 31, "b-2": 32, "b-3": 33, "b-4": 34, "b-5": 35, "b-6": 36, "b-7": 37, "b-8": 38, "b-9": 39, "b-skip": 40, "b-reverse": 41, "b-draw_2": 42, "b-wild": 43, "b-wild_draw_4": 44, "y-0": 45, "y-1": 46, "y-2": 47, "y-3": 48, "y-4": 49, "y-5": 50, "y-6": 51, "y-7": 52, "y-8": 53, "y-9": 54, "y-skip": 55, "y-reverse": 56, "y-draw_2": 57, "y-wild": 58, "y-wild_draw_4": 59, "draw": 60}