{"SA": 0, "S2": 1, "S3": 2, "S4": 3, "S5": 4, "S6": 5, "S7": 6, "S8": 7, "S9": 8, "ST": 9, "SJ": 10, "SQ": 11, "SK": 12, "HA": 13, "H2": 14, "H3": 15, "H4": 16, "H5": 17, "H6": 18, "H7": 19, "H8": 20, "H9": 21, "HT": 22, "HJ": 23, "HQ": 24, "HK": 25, "DA": 26, "D2": 27, "D3": 28, "D4": 29, "D5": 30, "D6": 31, "D7": 32, "D8": 33, "D9": 34, "DT": 35, "DJ": 36, "DQ": 37, "DK": 38, "CA": 39, "C2": 40, "C3": 41, "C4": 42, "C5": 43, "C6": 44, "C7": 45, "C8": 46, "C9": 47, "CT": 48, "CJ": 49, "CQ": 50, "CK": 51}
